date,value
1959Q1,2710.349
1959Q2,2778.801
1959Q3,2775.488
1959Q4,2785.204
1960Q1,2847.699
1960Q2,2834.39
1960Q3,2839.022
1960Q4,2802.616
1961Q1,2819.264
1961Q2,2872.005
1961Q3,2918.419
1961Q4,2977.83
1962Q1,3031.241
1962Q2,3064.709
1962Q3,3093.047
1962Q4,3100.563
1963Q1,3141.087
1963Q2,3180.447
1963Q3,3240.332
1963Q4,3264.967
1964Q1,3338.246
1964Q2,3376.587
1964Q3,3422.469
1964Q4,3431.957
1965Q1,3516.251
1965Q2,3563.96
1965Q3,3636.285
1965Q4,3724.014
1966Q1,3815.423
1966Q2,3828.124
1966Q3,3853.301
1966Q4,3884.52
1967Q1,3918.74
1967Q2,3919.556
1967Q3,3950.826
1967Q4,3980.97
1968Q1,4063.013
1968Q2,4131.998
1968Q3,4160.267
1968Q4,4178.293
1969Q1,4244.1
1969Q2,4256.46
1969Q3,4283.378
1969Q4,4263.261
1970Q1,4256.573
1970Q2,4264.289
1970Q3,4302.259
1970Q4,4256.637
1971Q1,4374.016
1971Q2,4398.829
1971Q3,4433.943
1971Q4,4446.264
1972Q1,4525.769
1972Q2,4633.101
1972Q3,4677.503
1972Q4,4754.546
1973Q1,4876.166
1973Q2,4932.571
1973Q3,4906.252
1973Q4,4953.05
1974Q1,4909.617
1974Q2,4922.188
1974Q3,4873.52
1974Q4,4854.34
1975Q1,4795.295
1975Q2,4831.942
1975Q3,4913.328
1975Q4,4977.511
1976Q1,5090.663
1976Q2,5128.947
1976Q3,5154.072
1976Q4,5191.499
1977Q1,5251.762
1977Q2,5356.131
1977Q3,5451.921
1977Q4,5450.793
1978Q1,5469.405
1978Q2,5684.569
1978Q3,5740.3
1978Q4,5816.222
1979Q1,5825.949
1979Q2,5831.418
1979Q3,5873.335
1979Q4,5889.495
1980Q1,5908.467
1980Q2,5787.373
1980Q3,5776.617
1980Q4,5883.46
1981Q1,6005.717
1981Q2,5957.795
1981Q3,6030.184
1981Q4,5955.062
1982Q1,5857.333
1982Q2,5889.074
1982Q3,5866.37
1982Q4,5871.001
1983Q1,5944.02
1983Q2,6077.619
1983Q3,6197.468
1983Q4,6325.574
1984Q1,6448.264
1984Q2,6559.594
1984Q3,6623.343
1984Q4,6677.264
1985Q1,6740.275
1985Q2,6797.344
1985Q3,6903.523
1985Q4,6955.918
1986Q1,7022.757
1986Q2,7050.969
1986Q3,7118.95
1986Q4,7153.359
1987Q1,7193.019
1987Q2,7269.51
1987Q3,7332.558
1987Q4,7458.022
1988Q1,7496.6
1988Q2,7592.881
1988Q3,7632.082
1988Q4,7733.991
1989Q1,7806.603
1989Q2,7865.016
1989Q3,7927.393
1989Q4,7944.697
1990Q1,8027.693
1990Q2,8059.598
1990Q3,8059.476
1990Q4,7988.864
1991Q1,7950.164
1991Q2,8003.822
1991Q3,8037.538
1991Q4,8069.046
1992Q1,8157.616
1992Q2,8244.294
1992Q3,8329.361
1992Q4,8417.016
1993Q1,8432.485
1993Q2,8486.435
1993Q3,8531.108
1993Q4,8643.769
1994Q1,8727.919
1994Q2,8847.303
1994Q3,8904.289
1994Q4,9003.18
1995Q1,9025.267
1995Q2,9044.668
1995Q3,9120.684
1995Q4,9184.275
1996Q1,9247.188
1996Q2,9407.052
1996Q3,9488.879
1996Q4,9592.458
1997Q1,9666.235
1997Q2,9809.551
1997Q3,9932.672
1997Q4,10008.874
1998Q1,10103.425
1998Q2,10194.277
1998Q3,10328.787
1998Q4,10507.575
1999Q1,10601.179
1999Q2,10684.049
1999Q3,10819.914
1999Q4,11014.254
2000Q1,11043.044
2000Q2,11258.454
2000Q3,11267.867
2000Q4,11334.544
2001Q1,11297.171
2001Q2,11371.251
2001Q3,11340.075
2001Q4,11380.128
2002Q1,11477.868
2002Q2,11538.77
2002Q3,11596.43
2002Q4,11598.824
2003Q1,11645.819
2003Q2,11738.706
2003Q3,11935.461
2003Q4,12042.817
2004Q1,12127.623
2004Q2,12213.818
2004Q3,12303.533
2004Q4,12410.282
2005Q1,12534.113
2005Q2,12587.535
2005Q3,12683.153
2005Q4,12748.699
2006Q1,12915.938
2006Q2,12962.462
2006Q3,12965.916
2006Q4,13060.679
2007Q1,13099.901
2007Q2,13203.977
2007Q3,13321.109
2007Q4,13391.249
2008Q1,13366.865
2008Q2,13415.266
2008Q3,13324.6
2008Q4,13141.92
2009Q1,12925.41
2009Q2,12901.504
2009Q3,12990.341
